{"psnr_wcrr":36.511993408203125,"_step":14,"time_wcrr":51.463778018951416,"time_grappa":6.207841396331787,"_wandb":{"runtime":1179},"_runtime":1179,"ssim_grappa":0.8419078588485718,"ssim_wcrr":0.9412940144538879,"volume_idx":14,"psnr_grappa":32.74596405029297,"_timestamp":1.7725528601190379e+09}