{"Epoch":20,"Val Loss":133.25189208984375,"_step":23,"Gradient norm":20.65075318837794,"_runtime":4259,"_wandb":{"runtime":4259},"Val PSNR":36.45916748046875,"Train Loss":146.74571736653647,"_timestamp":1.7724635456100903e+09,"Train PSNR":36.47414906819662}