{"_timestamp":1.7724505199497206e+09,"Epoch":20,"_wandb":{"runtime":3335},"Gradient norm":17.36125597950254,"Train Loss":129.49231719970703,"_step":23,"Train PSNR":36.896470387776695,"Val Loss":132.36367797851562,"Val PSNR":36.417972564697266,"_runtime":3335}