{"_runtime":71417,"_wandb":{"runtime":71417},"Gradient norm":2.8663208498817507,"_timestamp":1.7725349672618377e+09,"Epoch":100,"Train Loss":111.87572224934895,"Val Loss":102.93383026123047,"Val PSNR":37.34186553955078,"_step":104,"Train PSNR":37.52493667602539}