{"Train Loss":1545.9359537760417,"Gradient norm":955.8838502222674,"_step":3029,"Train PSNR":37.01642608642578,"Val Loss":1312.8642578125,"_runtime":20120,"Epoch":3000,"_timestamp":1.772459280369299e+09,"Val PSNR":37.11750793457031,"_wandb":{"runtime":20120}}