{"Val PSNR":36.806663513183594,"_wandb":{"runtime":52647},"Val Loss":120.6173324584961,"Gradient norm":3.7320296181341264,"_runtime":52647,"_timestamp":1.7725031700894856e+09,"Epoch":100,"Train PSNR":37.6525624593099,"_step":104,"Train Loss":112.76391347249348}